<?xml version="1.0" encoding="UTF-8"?>
<project-private xmlns="http://www.netbeans.org/ns/project-private/1">
    <editor-bookmarks xmlns="http://www.netbeans.org/ns/editor-bookmarks/2" lastBookmarkId="0"/>
    <open-files xmlns="http://www.netbeans.org/ns/projectui-open-files/2">
        <group>
            <file>file:/C:/Users/Jacky/Desktop/EF/Proyecto%20EF/src/Mantenimientos/Departamento.java</file>
            <file>file:/C:/Users/Jacky/Desktop/EF/Proyecto%20EF/src/Mantenimientos/Empleados.java</file>
            <file>file:/C:/Users/Jacky/Desktop/EF/Proyecto%20EF/src/Procesos/Nomina.java</file>
            <file>file:/C:/Users/Jacky/Desktop/EF/Proyecto%20EF/src/clases/imagenfondo.java</file>
            <file>file:/C:/Users/Jacky/Desktop/EF/Proyecto%20EF/src/Contenedor/Contenedor.java</file>
        </group>
    </open-files>
</project-private>
